1, ,1,11,1111, ,4,ss
4,55,6,77,8,99,9,sdf
 ,df,3e4,dcf, ,5,44,2w
3,ee,r4,f,gg,hh,j,345 
g, , ,g, ,gg,55,11 
we,2,22,qg,w , ,c,56
fg,5,7u7,g,a3,a,f,78
b,67,yhjk,g,de3333,df444,bg,ghjj
nn,6y7,y6,g,0,hyjkl,dddd,88
mm,j,h6,g,1q2w3e4,lo,cds,gg
oo,2q,5t5,g,de4,kl,1q2w,55
y6u,zas,4,g,cxz,jn,dfcv,888h
nnm,dc,def,g,vgbh,gh,gh,dhdhd
8cv,rft,f,g,rfr566,gb,qwer,jg
xzs,789,fd4,g,nh6,d,nj,lhlh
2w3e4r5,rfvgh,hnj,hjk,64,ghj,7890000,jfz
1, ,1,11,1111, ,4,ss
4,55,6,77,8,99,9,sdf
 ,df,3e4,dcf, ,5,44,2w
3,ee,r4,f,gg,hh,j,345 
g, , ,g, ,gg,55,11 
we,2,22,qg,w , ,c,56
fg,5,7u7,g,a3,a,f,78
b,67,yhjk,g,de3333,df444,bg,ghjj
nn,6y7,y6,g,0,hyjkl,dddd,88
mm,j,h6,g,1q2w3e4,lo,cds,gg
oo,2q,5t5,g,de4,kl,1q2w,55
y6u,zas,4,g,cxz,jn,dfcv,888h
nnm,dc,def,g,vgbh,gh,gh,dhdhd
8cv,rft,f,g,rfr566,gb,qwer,jg
xzs,789,fd4,g,nh6,d,nj,lhlh
2w3e4r5,rfvgh,hnj,hjk,64,ghj,7890000,jfz
1, ,1,11,1111, ,4,ss
4,55,6,77,8,99,9,sdf
 ,df,3e4,dcf, ,5,44,2w
3,ee,r4,f,gg,hh,j,345 
g, , ,g, ,gg,55,11 
we,2,22,qg,w , ,c,56
fg,5,7u7,g,a3,a,f,78
b,67,yhjk,g,de3333,df444,bg,ghjj
nn,6y7,y6,g,0,hyjkl,dddd,88
mm,j,h6,g,1q2w3e4,lo,cds,gg
oo,2q,5t5,g,de4,kl,1q2w,55
y6u,zas,4,g,cxz,jn,dfcv,888h
nnm,dc,def,g,vgbh,gh,gh,dhdhd
8cv,rft,f,g,rfr566,gb,qwer,jg
xzs,789,fd4,g,nh6,d,nj,lhlh
2w3e4r5,rfvgh,hnj,hjk,64,ghj,7890000,jfz
1, ,1,11,1111, ,4,ss
4,55,6,77,8,99,9,sdf
 ,df,3e4,dcf, ,5,44,2w
3,ee,r4,f,gg,hh,j,345 
g, , ,g, ,gg,55,11 
we,2,22,qg,w , ,c,56
fg,5,7u7,g,a3,a,f,78
b,67,yhjk,g,de3333,df444,bg,ghjj
nn,6y7,y6,g,0,hyjkl,dddd,88
mm,j,h6,g,1q2w3e4,lo,cds,gg
oo,2q,5t5,g,de4,kl,1q2w,55
y6u,zas,4,g,cxz,jn,dfcv,888h
nnm,dc,def,g,vgbh,gh,gh,dhdhd
8cv,rft,f,g,rfr566,gb,qwer,jg
xzs,789,fd4,g,nh6,d,nj,lhlh
2w3e4r5,rfvgh,hnj,hjk,64,ghj,7890000,jfz
1, ,1,11,1111, ,4,ss
4,55,6,77,8,99,9,sdf
 ,df,3e4,dcf, ,5,44,2w
3,ee,r4,f,gg,hh,j,345 
g, , ,g, ,gg,55,11 
we,2,22,qg,w , ,c,56
fg,5,7u7,g,a3,a,f,78
b,67,yhjk,g,de3333,df444,bg,ghjj
nn,6y7,y6,g,0,hyjkl,dddd,88
mm,j,h6,g,1q2w3e4,lo,cds,gg
oo,2q,5t5,g,de4,kl,1q2w,55
y6u,zas,4,g,cxz,jn,dfcv,888h
nnm,dc,def,g,vgbh,gh,gh,dhdhd
8cv,rft,f,g,rfr566,gb,qwer,jg
xzs,789,fd4,g,nh6,d,nj,lhlh
2w3e4r5,rfvgh,hnj,hjk,64,ghj,7890000,jfz


